event_id,event_title,event_type,date,prefecture,regulation,capacity,total_results
953033,シティリーグ2026 シーズン4 オープンリーグ,シティリーグ,2026-04-14,大阪府,スタンダード,64,16
953020,シティリーグ2026 シーズン4 オープンリーグ,シティリーグ,2026-04-12,奈良県,スタンダード,64,16
953021,シティリーグ2026 シーズン4 オープンリーグ,シティリーグ,2026-04-12,愛知県,スタンダード,64,16
953022,シティリーグ2026 シーズン4 オープンリーグ,シティリーグ,2026-04-12,愛知県,スタンダード,64,16
953023,シティリーグ2026 シーズン4 オープンリーグ,シティリーグ,2026-04-12,愛知県,スタンダード,64,16
953024,シティリーグ2026 シーズン4 オープンリーグ,シティリーグ,2026-04-12,静岡県,スタンダード,64,16
953025,シティリーグ2026 シーズン4 オープンリーグ,シティリーグ,2026-04-12,大阪府,スタンダード,64,16
953026,シティリーグ2026 シーズン4 オープンリーグ,シティリーグ,2026-04-12,京都府,スタンダード,64,16
953027,シティリーグ2026 シーズン4 オープンリーグ,シティリーグ,2026-04-12,三重県,スタンダード,64,16
953028,シティリーグ2026 シーズン4 オープンリーグ,シティリーグ,2026-04-12,愛媛県,スタンダード,64,16
953030,シティリーグ2026 シーズン4 オープンリーグ,シティリーグ,2026-04-12,愛知県,スタンダード,64,16
953031,シティリーグ2026 シーズン4 オープンリーグ,シティリーグ,2026-04-12,愛知県,スタンダード,64,16
953032,シティリーグ2026 シーズン4 オープンリーグ,シティリーグ,2026-04-14,大阪府,スタンダード,64,16
952669,シティリーグ2026 シーズン4 オープンリーグ,シティリーグ,2026-03-21,北海道,スタンダード,64,16
952670,シティリーグ2026 シーズン4 オープンリーグ,シティリーグ,2026-04-04,北海道,スタンダード,64,16
952671,シティリーグ2026 シーズン4 オープンリーグ,シティリーグ,2026-04-05,北海道,スタンダード,64,16
952672,シティリーグ2026 シーズン4 オープンリーグ,シティリーグ,2026-04-12,青森県,スタンダード,64,16
952678,シティリーグ2026 シーズン4 オープンリーグ,シティリーグ,2026-03-14,山形県,スタンダード,64,8
952679,シティリーグ2026 シーズン4 オープンリーグ,シティリーグ,2026-03-15,宮城県,スタンダード,64,16
952680,シティリーグ2026 シーズン4 オープンリーグ,シティリーグ,2026-03-21,福島県,スタンダード,64,16
952681,シティリーグ2026 シーズン4 オープンリーグ,シティリーグ,2026-03-25,宮城県,スタンダード,64,16
952682,シティリーグ2026 シーズン4 オープンリーグ,シティリーグ,2026-04-04,秋田県,スタンダード,64,8
952683,シティリーグ2026 シーズン4 オープンリーグ,シティリーグ,2026-04-04,宮城県,スタンダード,64,16
952684,シティリーグ2026 シーズン4 オープンリーグ,シティリーグ,2026-04-04,宮城県,スタンダード,64,16
952685,シティリーグ2026 シーズン4 オープンリーグ,シティリーグ,2026-04-05,山形県,スタンダード,64,16
952686,シティリーグ2026 シーズン4 オープンリーグ,シティリーグ,2026-04-05,秋田県,スタンダード,64,16
952687,シティリーグ2026 シーズン4 オープンリーグ,シティリーグ,2026-04-08,福島県,スタンダード,64,16
952688,シティリーグ2026 シーズン4 オープンリーグ,シティリーグ,2026-04-12,福島県,スタンダード,64,16
952689,シティリーグ2026 シーズン4 オープンリーグ,シティリーグ,2026-04-12,宮城県,スタンダード,64,16
952708,シティリーグ2026 シーズン4 オープンリーグ,シティリーグ,2026-03-14,埼玉県,スタンダード,64,16
952709,シティリーグ2026 シーズン4 オープンリーグ,シティリーグ,2026-03-14,群馬県,スタンダード,64,8
952710,シティリーグ2026 シーズン4 オープンリーグ,シティリーグ,2026-03-15,埼玉県,スタンダード,64,16
952711,シティリーグ2026 シーズン4 オープンリーグ,シティリーグ,2026-03-15,茨城県,スタンダード,64,16
952712,シティリーグ2026 シーズン4 オープンリーグ,シティリーグ,2026-03-20,埼玉県,スタンダード,64,16
952713,シティリーグ2026 シーズン4 オープンリーグ,シティリーグ,2026-03-20,茨城県,スタンダード,64,8
952714,シティリーグ2026 シーズン4 オープンリーグ,シティリーグ,2026-03-21,埼玉県,スタンダード,64,16
952715,シティリーグ2026 シーズン4 オープンリーグ,シティリーグ,2026-03-21,埼玉県,スタンダード,64,16
952716,シティリーグ2026 シーズン4 オープンリーグ,シティリーグ,2026-03-21,埼玉県,スタンダード,64,16
952717,シティリーグ2026 シーズン4 オープンリーグ,シティリーグ,2026-03-22,栃木県,スタンダード,64,16
952718,シティリーグ2026 シーズン4 オープンリーグ,シティリーグ,2026-03-22,茨城県,スタンダード,64,16
952719,シティリーグ2026 シーズン4 オープンリーグ,シティリーグ,2026-03-22,茨城県,スタンダード,64,16
952720,シティリーグ2026 シーズン4 オープンリーグ,シティリーグ,2026-03-22,群馬県,スタンダード,64,16
952721,シティリーグ2026 シーズン4 オープンリーグ,シティリーグ,2026-03-22,埼玉県,スタンダード,64,16
952722,シティリーグ2026 シーズン4 オープンリーグ,シティリーグ,2026-03-26,埼玉県,スタンダード,64,16
952723,シティリーグ2026 シーズン4 オープンリーグ,シティリーグ,2026-04-04,茨城県,スタンダード,64,16
952724,シティリーグ2026 シーズン4 オープンリーグ,シティリーグ,2026-04-04,埼玉県,スタンダード,64,16
952726,シティリーグ2026 シーズン4 オープンリーグ,シティリーグ,2026-04-04,茨城県,スタンダード,64,16
952727,シティリーグ2026 シーズン4 オープンリーグ,シティリーグ,2026-04-05,茨城県,スタンダード,64,16
952728,シティリーグ2026 シーズン4 オープンリーグ,シティリーグ,2026-04-05,埼玉県,スタンダード,64,16
952729,シティリーグ2026 シーズン4 オープンリーグ,シティリーグ,2026-04-11,埼玉県,スタンダード,64,16
952730,シティリーグ2026 シーズン4 オープンリーグ,シティリーグ,2026-04-11,茨城県,スタンダード,64,16
952731,シティリーグ2026 シーズン4 オープンリーグ,シティリーグ,2026-04-11,埼玉県,スタンダード,64,16
952732,シティリーグ2026 シーズン4 オープンリーグ,シティリーグ,2026-04-11,埼玉県,スタンダード,64,16
952733,シティリーグ2026 シーズン4 オープンリーグ,シティリーグ,2026-04-11,栃木県,スタンダード,64,16
952734,シティリーグ2026 シーズン4 オープンリーグ,シティリーグ,2026-04-12,埼玉県,スタンダード,64,16
952735,シティリーグ2026 シーズン4 オープンリーグ,シティリーグ,2026-04-12,栃木県,スタンダード,64,16
952736,シティリーグ2026 シーズン4 オープンリーグ,シティリーグ,2026-04-12,茨城県,スタンダード,64,16
952737,シティリーグ2026 シーズン4 オープンリーグ,シティリーグ,2026-04-12,埼玉県,スタンダード,64,16
952760,シティリーグ2026 シーズン4 オープンリーグ,シティリーグ,2026-03-14,東京都,スタンダード,64,16
952761,シティリーグ2026 シーズン4 オープンリーグ,シティリーグ,2026-03-15,千葉県,スタンダード,64,16
952762,シティリーグ2026 シーズン4 オープンリーグ,シティリーグ,2026-03-15,千葉県,スタンダード,64,16
952763,シティリーグ2026 シーズン4 オープンリーグ,シティリーグ,2026-03-15,千葉県,スタンダード,64,16
952764,シティリーグ2026 シーズン4 オープンリーグ,シティリーグ,2026-03-15,東京都,スタンダード,64,8
952765,シティリーグ2026 シーズン4 オープンリーグ,シティリーグ,2026-03-16,東京都,スタンダード,64,16
952766,シティリーグ2026 シーズン4 オープンリーグ,シティリーグ,2026-03-16,東京都,スタンダード,64,16
952767,シティリーグ2026 シーズン4 オープンリーグ,シティリーグ,2026-03-17,千葉県,スタンダード,64,16
952768,シティリーグ2026 シーズン4 オープンリーグ,シティリーグ,2026-03-18,東京都,スタンダード,64,16
952769,シティリーグ2026 シーズン4 オープンリーグ,シティリーグ,2026-03-19,東京都,スタンダード,64,16
952770,シティリーグ2026 シーズン4 オープンリーグ,シティリーグ,2026-03-20,東京都,スタンダード,64,16
952771,シティリーグ2026 シーズン4 オープンリーグ,シティリーグ,2026-03-20,東京都,スタンダード,64,16
952772,シティリーグ2026 シーズン4 オープンリーグ,シティリーグ,2026-03-20,東京都,スタンダード,64,16
952773,シティリーグ2026 シーズン4 オープンリーグ,シティリーグ,2026-03-20,東京都,スタンダード,64,16
952774,シティリーグ2026 シーズン4 オープンリーグ,シティリーグ,2026-03-20,東京都,スタンダード,64,16
952775,シティリーグ2026 シーズン4 オープンリーグ,シティリーグ,2026-03-21,千葉県,スタンダード,64,16
952776,シティリーグ2026 シーズン4 オープンリーグ,シティリーグ,2026-03-21,千葉県,スタンダード,64,16
952777,シティリーグ2026 シーズン4 オープンリーグ,シティリーグ,2026-03-21,千葉県,スタンダード,64,16
952778,シティリーグ2026 シーズン4 オープンリーグ,シティリーグ,2026-03-21,東京都,スタンダード,64,16
952779,シティリーグ2026 シーズン4 オープンリーグ,シティリーグ,2026-03-22,千葉県,スタンダード,64,16
952780,シティリーグ2026 シーズン4 オープンリーグ,シティリーグ,2026-03-24,千葉県,スタンダード,64,16
952781,シティリーグ2026 シーズン4 オープンリーグ,シティリーグ,2026-03-25,東京都,スタンダード,64,16
952782,シティリーグ2026 シーズン4 オープンリーグ,シティリーグ,2026-03-26,東京都,スタンダード,64,16
952783,シティリーグ2026 シーズン4 オープンリーグ,シティリーグ,2026-03-30,東京都,スタンダード,64,16
952784,シティリーグ2026 シーズン4 オープンリーグ,シティリーグ,2026-04-02,東京都,スタンダード,64,16
952785,シティリーグ2026 シーズン4 オープンリーグ,シティリーグ,2026-04-03,東京都,スタンダード,64,16
952786,シティリーグ2026 シーズン4 オープンリーグ,シティリーグ,2026-04-04,東京都,スタンダード,64,16
952787,シティリーグ2026 シーズン4 オープンリーグ,シティリーグ,2026-04-04,千葉県,スタンダード,64,16
952788,シティリーグ2026 シーズン4 オープンリーグ,シティリーグ,2026-04-05,千葉県,スタンダード,64,16
952789,シティリーグ2026 シーズン4 オープンリーグ,シティリーグ,2026-04-05,千葉県,スタンダード,64,16
952790,シティリーグ2026 シーズン4 オープンリーグ,シティリーグ,2026-04-05,東京都,スタンダード,64,16
952791,シティリーグ2026 シーズン4 オープンリーグ,シティリーグ,2026-04-05,東京都,スタンダード,64,16
952792,シティリーグ2026 シーズン4 オープンリーグ,シティリーグ,2026-04-05,東京都,スタンダード,64,16
952793,シティリーグ2026 シーズン4 オープンリーグ,シティリーグ,2026-04-05,千葉県,スタンダード,64,16
952794,シティリーグ2026 シーズン4 オープンリーグ,シティリーグ,2026-04-07,千葉県,スタンダード,64,16
952795,シティリーグ2026 シーズン4 オープンリーグ,シティリーグ,2026-04-08,東京都,スタンダード,64,16
952796,シティリーグ2026 シーズン4 オープンリーグ,シティリーグ,2026-04-10,東京都,スタンダード,64,16
952797,シティリーグ2026 シーズン4 オープンリーグ,シティリーグ,2026-04-11,千葉県,スタンダード,64,16
952798,シティリーグ2026 シーズン4 オープンリーグ,シティリーグ,2026-04-11,東京都,スタンダード,64,16
952799,シティリーグ2026 シーズン4 オープンリーグ,シティリーグ,2026-04-11,千葉県,スタンダード,64,16
952800,シティリーグ2026 シーズン4 オープンリーグ,シティリーグ,2026-04-11,東京都,スタンダード,64,16
952801,シティリーグ2026 シーズン4 オープンリーグ,シティリーグ,2026-04-12,千葉県,スタンダード,64,16
952802,シティリーグ2026 シーズン4 オープンリーグ,シティリーグ,2026-04-12,千葉県,スタンダード,64,16
952803,シティリーグ2026 シーズン4 オープンリーグ,シティリーグ,2026-04-12,東京都,スタンダード,64,16
952804,シティリーグ2026 シーズン4 オープンリーグ,シティリーグ,2026-04-12,東京都,スタンダード,64,16
952805,シティリーグ2026 シーズン4 オープンリーグ,シティリーグ,2026-04-12,東京都,スタンダード,64,16
952806,シティリーグ2026 シーズン4 オープンリーグ,シティリーグ,2026-04-12,千葉県,スタンダード,64,16
952807,シティリーグ2026 シーズン4 オープンリーグ,シティリーグ,2026-04-13,東京都,スタンダード,64,16
952808,シティリーグ2026 シーズン4 オープンリーグ,シティリーグ,2026-04-14,千葉県,スタンダード,64,16
952858,シティリーグ2026 シーズン4 オープンリーグ,シティリーグ,2026-03-14,山梨県,スタンダード,64,8
952859,シティリーグ2026 シーズン4 オープンリーグ,シティリーグ,2026-03-14,神奈川県,スタンダード,64,16
952860,シティリーグ2026 シーズン4 オープンリーグ,シティリーグ,2026-03-15,新潟県,スタンダード,64,16
952861,シティリーグ2026 シーズン4 オープンリーグ,シティリーグ,2026-03-15,神奈川県,スタンダード,64,8
952862,シティリーグ2026 シーズン4 オープンリーグ,シティリーグ,2026-03-15,神奈川県,スタンダード,64,16
952863,シティリーグ2026 シーズン4 オープンリーグ,シティリーグ,2026-03-15,神奈川県,スタンダード,64,16
952864,シティリーグ2026 シーズン4 オープンリーグ,シティリーグ,2026-03-15,神奈川県,スタンダード,64,16
952865,シティリーグ2026 シーズン4 オープンリーグ,シティリーグ,2026-03-15,神奈川県,スタンダード,64,16
952866,シティリーグ2026 シーズン4 オープンリーグ,シティリーグ,2026-03-17,神奈川県,スタンダード,64,16
952867,シティリーグ2026 シーズン4 オープンリーグ,シティリーグ,2026-03-20,神奈川県,スタンダード,64,16
952868,シティリーグ2026 シーズン4 オープンリーグ,シティリーグ,2026-03-21,神奈川県,スタンダード,64,16
952869,シティリーグ2026 シーズン4 オープンリーグ,シティリーグ,2026-03-21,新潟県,スタンダード,64,16
952870,シティリーグ2026 シーズン4 オープンリーグ,シティリーグ,2026-03-21,神奈川県,スタンダード,64,16
952871,シティリーグ2026 シーズン4 オープンリーグ,シティリーグ,2026-03-22,福井県,スタンダード,64,8
952872,シティリーグ2026 シーズン4 オープンリーグ,シティリーグ,2026-03-22,長野県,スタンダード,64,16
952873,シティリーグ2026 シーズン4 オープンリーグ,シティリーグ,2026-03-22,神奈川県,スタンダード,64,16
952874,シティリーグ2026 シーズン4 オープンリーグ,シティリーグ,2026-03-24,神奈川県,スタンダード,64,16
952875,シティリーグ2026 シーズン4 オープンリーグ,シティリーグ,2026-03-31,神奈川県,スタンダード,64,16
952876,シティリーグ2026 シーズン4 オープンリーグ,シティリーグ,2026-04-04,石川県,スタンダード,64,16
952877,シティリーグ2026 シーズン4 オープンリーグ,シティリーグ,2026-04-04,長野県,スタンダード,64,16
952878,シティリーグ2026 シーズン4 オープンリーグ,シティリーグ,2026-04-04,神奈川県,スタンダード,64,16
952879,シティリーグ2026 シーズン4 オープンリーグ,シティリーグ,2026-04-04,神奈川県,スタンダード,64,16
952880,シティリーグ2026 シーズン4 オープンリーグ,シティリーグ,2026-04-04,神奈川県,スタンダード,64,16
952881,シティリーグ2026 シーズン4 オープンリーグ,シティリーグ,2026-04-05,福井県,スタンダード,64,16
952882,シティリーグ2026 シーズン4 オープンリーグ,シティリーグ,2026-04-05,長野県,スタンダード,64,16
952883,シティリーグ2026 シーズン4 オープンリーグ,シティリーグ,2026-04-05,神奈川県,スタンダード,64,16
952884,シティリーグ2026 シーズン4 オープンリーグ,シティリーグ,2026-04-05,神奈川県,スタンダード,64,16
952885,シティリーグ2026 シーズン4 オープンリーグ,シティリーグ,2026-04-05,神奈川県,スタンダード,64,16
952886,シティリーグ2026 シーズン4 オープンリーグ,シティリーグ,2026-04-05,神奈川県,スタンダード,64,16
952887,シティリーグ2026 シーズン4 オープンリーグ,シティリーグ,2026-04-05,神奈川県,スタンダード,64,16
952888,シティリーグ2026 シーズン4 オープンリーグ,シティリーグ,2026-04-07,神奈川県,スタンダード,64,16
952889,シティリーグ2026 シーズン4 オープンリーグ,シティリーグ,2026-04-11,石川県,スタンダード,64,16
952890,シティリーグ2026 シーズン4 オープンリーグ,シティリーグ,2026-04-11,神奈川県,スタンダード,64,16
952891,シティリーグ2026 シーズン4 オープンリーグ,シティリーグ,2026-04-11,新潟県,スタンダード,64,16
952892,シティリーグ2026 シーズン4 オープンリーグ,シティリーグ,2026-04-12,新潟県,スタンダード,64,16
952893,シティリーグ2026 シーズン4 オープンリーグ,シティリーグ,2026-04-12,福井県,スタンダード,64,16
952894,シティリーグ2026 シーズン4 オープンリーグ,シティリーグ,2026-04-12,長野県,スタンダード,64,16
952895,シティリーグ2026 シーズン4 オープンリーグ,シティリーグ,2026-04-12,神奈川県,スタンダード,64,16
952896,シティリーグ2026 シーズン4 オープンリーグ,シティリーグ,2026-04-12,神奈川県,スタンダード,64,16
952897,シティリーグ2026 シーズン4 オープンリーグ,シティリーグ,2026-04-12,神奈川県,スタンダード,64,16
952898,シティリーグ2026 シーズン4 オープンリーグ,シティリーグ,2026-04-12,神奈川県,スタンダード,64,16
952899,シティリーグ2026 シーズン4 オープンリーグ,シティリーグ,2026-04-12,神奈川県,スタンダード,64,16
952900,シティリーグ2026 シーズン4 オープンリーグ,シティリーグ,2026-04-12,神奈川県,スタンダード,64,16
952901,シティリーグ2026 シーズン4 オープンリーグ,シティリーグ,2026-04-14,神奈川県,スタンダード,64,16
952941,シティリーグ2026 シーズン4 オープンリーグ,シティリーグ,2026-03-14,岐阜県,スタンダード,64,16
952942,シティリーグ2026 シーズン4 オープンリーグ,シティリーグ,2026-03-14,香川県,スタンダード,64,16
952943,シティリーグ2026 シーズン4 オープンリーグ,シティリーグ,2026-03-14,大阪府,スタンダード,64,16
952944,シティリーグ2026 シーズン4 オープンリーグ,シティリーグ,2026-03-14,大阪府,スタンダード,64,16
952945,シティリーグ2026 シーズン4 オープンリーグ,シティリーグ,2026-03-14,広島県,スタンダード,64,16
952946,シティリーグ2026 シーズン4 オープンリーグ,シティリーグ,2026-03-14,三重県,スタンダード,64,8
952947,シティリーグ2026 シーズン4 オープンリーグ,シティリーグ,2026-03-15,徳島県,スタンダード,64,16
952948,シティリーグ2026 シーズン4 オープンリーグ,シティリーグ,2026-03-15,兵庫県,スタンダード,64,16
952949,シティリーグ2026 シーズン4 オープンリーグ,シティリーグ,2026-03-15,愛知県,スタンダード,64,16
952950,シティリーグ2026 シーズン4 オープンリーグ,シティリーグ,2026-03-15,奈良県,スタンダード,64,16
952951,シティリーグ2026 シーズン4 オープンリーグ,シティリーグ,2026-03-15,三重県,スタンダード,64,16
952952,シティリーグ2026 シーズン4 オープンリーグ,シティリーグ,2026-03-16,滋賀県,スタンダード,64,4
952953,シティリーグ2026 シーズン4 オープンリーグ,シティリーグ,2026-03-17,大阪府,スタンダード,64,16
952954,シティリーグ2026 シーズン4 オープンリーグ,シティリーグ,2026-03-17,大阪府,スタンダード,64,8
952955,シティリーグ2026 シーズン4 オープンリーグ,シティリーグ,2026-03-18,広島県,スタンダード,64,16
952956,シティリーグ2026 シーズン4 オープンリーグ,シティリーグ,2026-03-18,大阪府,スタンダード,64,16
952957,シティリーグ2026 シーズン4 オープンリーグ,シティリーグ,2026-03-18,京都府,スタンダード,64,16
952958,シティリーグ2026 シーズン4 オープンリーグ,シティリーグ,2026-03-19,奈良県,スタンダード,64,8
952959,シティリーグ2026 シーズン4 オープンリーグ,シティリーグ,2026-03-19,大阪府,スタンダード,64,16
952960,シティリーグ2026 シーズン4 オープンリーグ,シティリーグ,2026-03-20,岐阜県,スタンダード,64,8
952961,シティリーグ2026 シーズン4 オープンリーグ,シティリーグ,2026-03-20,愛知県,スタンダード,64,8
952962,シティリーグ2026 シーズン4 オープンリーグ,シティリーグ,2026-03-20,愛媛県,スタンダード,64,16
952963,シティリーグ2026 シーズン4 オープンリーグ,シティリーグ,2026-03-20,愛知県,スタンダード,64,16
952964,シティリーグ2026 シーズン4 オープンリーグ,シティリーグ,2026-03-20,静岡県,スタンダード,64,16
952965,シティリーグ2026 シーズン4 オープンリーグ,シティリーグ,2026-03-20,大阪府,スタンダード,64,16
952966,シティリーグ2026 シーズン4 オープンリーグ,シティリーグ,2026-03-20,大阪府,スタンダード,64,16
952967,シティリーグ2026 シーズン4 オープンリーグ,シティリーグ,2026-03-20,大阪府,スタンダード,64,16
952968,シティリーグ2026 シーズン4 オープンリーグ,シティリーグ,2026-03-20,高知県,スタンダード,64,16
952969,シティリーグ2026 シーズン4 オープンリーグ,シティリーグ,2026-03-20,香川県,スタンダード,64,16
952970,シティリーグ2026 シーズン4 オープンリーグ,シティリーグ,2026-03-20,愛知県,スタンダード,64,16
952971,シティリーグ2026 シーズン4 オープンリーグ,シティリーグ,2026-03-21,愛知県,スタンダード,64,16
952972,シティリーグ2026 シーズン4 オープンリーグ,シティリーグ,2026-03-21,愛知県,スタンダード,64,16
952973,シティリーグ2026 シーズン4 オープンリーグ,シティリーグ,2026-03-21,岐阜県,スタンダード,64,8
952974,シティリーグ2026 シーズン4 オープンリーグ,シティリーグ,2026-03-22,愛知県,スタンダード,64,16
952975,シティリーグ2026 シーズン4 オープンリーグ,シティリーグ,2026-03-22,岐阜県,スタンダード,64,16
952976,シティリーグ2026 シーズン4 オープンリーグ,シティリーグ,2026-03-22,滋賀県,スタンダード,64,16
952977,シティリーグ2026 シーズン4 オープンリーグ,シティリーグ,2026-03-22,静岡県,スタンダード,64,16
952978,シティリーグ2026 シーズン4 オープンリーグ,シティリーグ,2026-03-22,大阪府,スタンダード,64,16
952979,シティリーグ2026 シーズン4 オープンリーグ,シティリーグ,2026-03-22,岡山県,スタンダード,64,16
952980,シティリーグ2026 シーズン4 オープンリーグ,シティリーグ,2026-03-22,兵庫県,スタンダード,64,16
952981,シティリーグ2026 シーズン4 オープンリーグ,シティリーグ,2026-03-22,愛知県,スタンダード,64,16
952982,シティリーグ2026 シーズン4 オープンリーグ,シティリーグ,2026-03-23,大阪府,スタンダード,64,16
952983,シティリーグ2026 シーズン4 オープンリーグ,シティリーグ,2026-03-24,大阪府,スタンダード,64,16
952984,シティリーグ2026 シーズン4 オープンリーグ,シティリーグ,2026-03-25,愛知県,スタンダード,64,16
952985,シティリーグ2026 シーズン4 オープンリーグ,シティリーグ,2026-03-25,和歌山県,スタンダード,64,16
952986,シティリーグ2026 シーズン4 オープンリーグ,シティリーグ,2026-03-25,大阪府,スタンダード,64,16
952987,シティリーグ2026 シーズン4 オープンリーグ,シティリーグ,2026-03-26,大阪府,スタンダード,64,16
952988,シティリーグ2026 シーズン4 オープンリーグ,シティリーグ,2026-03-26,滋賀県,スタンダード,64,16
952989,シティリーグ2026 シーズン4 オープンリーグ,シティリーグ,2026-03-31,大阪府,スタンダード,64,16
952990,シティリーグ2026 シーズン4 オープンリーグ,シティリーグ,2026-04-01,大阪府,スタンダード,64,16
952991,シティリーグ2026 シーズン4 オープンリーグ,シティリーグ,2026-04-02,愛知県,スタンダード,64,16
952992,シティリーグ2026 シーズン4 オープンリーグ,シティリーグ,2026-04-04,大阪府,スタンダード,64,16
952993,シティリーグ2026 シーズン4 オープンリーグ,シティリーグ,2026-04-04,静岡県,スタンダード,64,16
952994,シティリーグ2026 シーズン4 オープンリーグ,シティリーグ,2026-04-04,岐阜県,スタンダード,64,16
952995,シティリーグ2026 シーズン4 オープンリーグ,シティリーグ,2026-04-04,鳥取県,スタンダード,64,16
952996,シティリーグ2026 シーズン4 オープンリーグ,シティリーグ,2026-04-05,愛知県,スタンダード,64,16
952997,シティリーグ2026 シーズン4 オープンリーグ,シティリーグ,2026-04-05,滋賀県,スタンダード,64,16
952998,シティリーグ2026 シーズン4 オープンリーグ,シティリーグ,2026-04-05,高知県,スタンダード,64,16
952999,シティリーグ2026 シーズン4 オープンリーグ,シティリーグ,2026-04-05,三重県,スタンダード,64,16
953000,シティリーグ2026 シーズン4 オープンリーグ,シティリーグ,2026-04-05,愛知県,スタンダード,64,16
953001,シティリーグ2026 シーズン4 オープンリーグ,シティリーグ,2026-04-05,大阪府,スタンダード,64,16
953002,シティリーグ2026 シーズン4 オープンリーグ,シティリーグ,2026-04-05,大阪府,スタンダード,64,16
953003,シティリーグ2026 シーズン4 オープンリーグ,シティリーグ,2026-04-06,大阪府,スタンダード,64,16
953004,シティリーグ2026 シーズン4 オープンリーグ,シティリーグ,2026-04-06,滋賀県,スタンダード,64,16
953005,シティリーグ2026 シーズン4 オープンリーグ,シティリーグ,2026-04-07,大阪府,スタンダード,64,16
953006,シティリーグ2026 シーズン4 オープンリーグ,シティリーグ,2026-04-08,大阪府,スタンダード,64,16
953007,シティリーグ2026 シーズン4 オープンリーグ,シティリーグ,2026-04-08,京都府,スタンダード,64,16
953008,シティリーグ2026 シーズン4 オープンリーグ,シティリーグ,2026-04-09,奈良県,スタンダード,64,16
953009,シティリーグ2026 シーズン4 オープンリーグ,シティリーグ,2026-04-09,大阪府,スタンダード,64,16
953010,シティリーグ2026 シーズン4 オープンリーグ,シティリーグ,2026-04-09,愛知県,スタンダード,64,16
953011,シティリーグ2026 シーズン4 オープンリーグ,シティリーグ,2026-04-11,愛知県,スタンダード,64,16
953012,シティリーグ2026 シーズン4 オープンリーグ,シティリーグ,2026-04-11,愛知県,スタンダード,64,16
953013,シティリーグ2026 シーズン4 オープンリーグ,シティリーグ,2026-04-11,広島県,スタンダード,64,16
953014,シティリーグ2026 シーズン4 オープンリーグ,シティリーグ,2026-04-11,三重県,スタンダード,64,16
953015,シティリーグ2026 シーズン4 オープンリーグ,シティリーグ,2026-04-11,大阪府,スタンダード,64,16
953016,シティリーグ2026 シーズン4 オープンリーグ,シティリーグ,2026-04-11,静岡県,スタンダード,64,16
953017,シティリーグ2026 シーズン4 オープンリーグ,シティリーグ,2026-04-11,大阪府,スタンダード,64,16
953018,シティリーグ2026 シーズン4 オープンリーグ,シティリーグ,2026-04-12,山口県,スタンダード,64,16
953019,シティリーグ2026 シーズン4 オープンリーグ,シティリーグ,2026-04-12,広島県,スタンダード,64,16
953116,シティリーグ2026 シーズン4 オープンリーグ,シティリーグ,2026-03-14,福岡県,スタンダード,64,16
953117,シティリーグ2026 シーズン4 オープンリーグ,シティリーグ,2026-03-14,佐賀県,スタンダード,64,8
953118,シティリーグ2026 シーズン4 オープンリーグ,シティリーグ,2026-03-14,長崎県,スタンダード,64,16
953119,シティリーグ2026 シーズン4 オープンリーグ,シティリーグ,2026-03-15,沖縄県,スタンダード,64,16
953120,シティリーグ2026 シーズン4 オープンリーグ,シティリーグ,2026-03-15,福岡県,スタンダード,64,16
953121,シティリーグ2026 シーズン4 オープンリーグ,シティリーグ,2026-03-20,大分県,スタンダード,64,16
953122,シティリーグ2026 シーズン4 オープンリーグ,シティリーグ,2026-03-20,熊本県,スタンダード,64,16
953123,シティリーグ2026 シーズン4 オープンリーグ,シティリーグ,2026-03-20,鹿児島県,スタンダード,64,16
953124,シティリーグ2026 シーズン4 オープンリーグ,シティリーグ,2026-03-22,福岡県,スタンダード,64,16
953125,シティリーグ2026 シーズン4 オープンリーグ,シティリーグ,2026-04-04,福岡県,スタンダード,64,16
953126,シティリーグ2026 シーズン4 オープンリーグ,シティリーグ,2026-04-05,沖縄県,スタンダード,64,16
953127,シティリーグ2026 シーズン4 オープンリーグ,シティリーグ,2026-04-05,長崎県,スタンダード,64,16
953128,シティリーグ2026 シーズン4 オープンリーグ,シティリーグ,2026-04-05,福岡県,スタンダード,64,16
953129,シティリーグ2026 シーズン4 オープンリーグ,シティリーグ,2026-04-05,福岡県,スタンダード,64,16
953130,シティリーグ2026 シーズン4 オープンリーグ,シティリーグ,2026-04-05,鹿児島県,スタンダード,64,16
953131,シティリーグ2026 シーズン4 オープンリーグ,シティリーグ,2026-04-10,福岡県,スタンダード,64,16
953132,シティリーグ2026 シーズン4 オープンリーグ,シティリーグ,2026-04-11,佐賀県,スタンダード,64,16
953133,シティリーグ2026 シーズン4 オープンリーグ,シティリーグ,2026-04-12,宮崎県,スタンダード,64,16
953134,シティリーグ2026 シーズン4 オープンリーグ,シティリーグ,2026-04-12,沖縄県,スタンダード,64,16
953135,シティリーグ2026 シーズン4 オープンリーグ,シティリーグ,2026-04-12,福岡県,スタンダード,64,16
953136,シティリーグ2026 シーズン4 オープンリーグ,シティリーグ,2026-04-12,鹿児島県,スタンダード,64,16
953231,シティリーグ2026 シーズン4 オープンリーグ,シティリーグ,2026-03-14,東京都,スタンダード,64,16
953232,シティリーグ2026 シーズン4 オープンリーグ,シティリーグ,2026-03-15,群馬県,スタンダード,64,16
953233,シティリーグ2026 シーズン4 オープンリーグ,シティリーグ,2026-03-15,東京都,スタンダード,64,16
953234,シティリーグ2026 シーズン4 オープンリーグ,シティリーグ,2026-03-22,北海道,スタンダード,64,16
953235,シティリーグ2026 シーズン4 オープンリーグ,シティリーグ,2026-03-22,埼玉県,スタンダード,64,16
953236,シティリーグ2026 シーズン4 オープンリーグ,シティリーグ,2026-04-03,埼玉県,スタンダード,64,16
953237,シティリーグ2026 シーズン4 オープンリーグ,シティリーグ,2026-04-04,千葉県,スタンダード,64,16
953238,シティリーグ2026 シーズン4 オープンリーグ,シティリーグ,2026-04-04,東京都,スタンダード,64,16
953239,シティリーグ2026 シーズン4 オープンリーグ,シティリーグ,2026-04-05,北海道,スタンダード,64,16
953240,シティリーグ2026 シーズン4 オープンリーグ,シティリーグ,2026-04-11,埼玉県,スタンダード,64,16
953241,シティリーグ2026 シーズン4 オープンリーグ,シティリーグ,2026-04-12,北海道,スタンダード,64,16
953242,シティリーグ2026 シーズン4 オープンリーグ,シティリーグ,2026-04-12,群馬県,スタンダード,64,16
953243,シティリーグ2026 シーズン4 オープンリーグ,シティリーグ,2026-04-14,埼玉県,スタンダード,64,16
953259,シティリーグ2026 シーズン4 オープンリーグ,シティリーグ,2026-03-14,岡山県,スタンダード,64,8
953260,シティリーグ2026 シーズン4 オープンリーグ,シティリーグ,2026-03-14,神奈川県,スタンダード,64,16
953261,シティリーグ2026 シーズン4 オープンリーグ,シティリーグ,2026-03-14,愛知県,スタンダード,64,16
953262,シティリーグ2026 シーズン4 オープンリーグ,シティリーグ,2026-03-14,東京都,スタンダード,64,8
953263,シティリーグ2026 シーズン4 オープンリーグ,シティリーグ,2026-03-15,東京都,スタンダード,64,16
953264,シティリーグ2026 シーズン4 オープンリーグ,シティリーグ,2026-03-15,静岡県,スタンダード,64,16
953265,シティリーグ2026 シーズン4 オープンリーグ,シティリーグ,2026-03-21,富山県,スタンダード,64,16
953266,シティリーグ2026 シーズン4 オープンリーグ,シティリーグ,2026-03-22,広島県,スタンダード,64,16
953267,シティリーグ2026 シーズン4 オープンリーグ,シティリーグ,2026-03-22,静岡県,スタンダード,64,16
953268,シティリーグ2026 シーズン4 オープンリーグ,シティリーグ,2026-03-23,東京都,スタンダード,64,16
953269,シティリーグ2026 シーズン4 オープンリーグ,シティリーグ,2026-04-04,愛知県,スタンダード,64,16
953271,シティリーグ2026 シーズン4 オープンリーグ,シティリーグ,2026-04-04,宮崎県,スタンダード,64,16
953273,シティリーグ2026 シーズン4 オープンリーグ,シティリーグ,2026-04-05,岡山県,スタンダード,64,16
953274,シティリーグ2026 シーズン4 オープンリーグ,シティリーグ,2026-04-06,東京都,スタンダード,64,16
953275,シティリーグ2026 シーズン4 オープンリーグ,シティリーグ,2026-04-11,岡山県,スタンダード,64,16
953276,シティリーグ2026 シーズン4 オープンリーグ,シティリーグ,2026-04-11,東京都,スタンダード,64,16
953277,シティリーグ2026 シーズン4 オープンリーグ,シティリーグ,2026-04-12,東京都,スタンダード,64,16
953278,シティリーグ2026 シーズン4 オープンリーグ,シティリーグ,2026-04-12,静岡県,スタンダード,64,16
953279,シティリーグ2026 シーズン4 オープンリーグ,シティリーグ,2026-04-12,東京都,スタンダード,64,16
953280,シティリーグ2026 シーズン4 オープンリーグ,シティリーグ,2026-04-13,東京都,スタンダード,64,16
953408,シティリーグ2026 シーズン4 オープンリーグ,シティリーグ,2026-03-22,京都府,スタンダード,64,16
953409,シティリーグ2026 シーズン4 オープンリーグ,シティリーグ,2026-04-05,京都府,スタンダード,64,16
952690,シティリーグ2026 シーズン4 オープンリーグ,シティリーグ,2026-04-15,宮城県,スタンダード,64,16
952809,シティリーグ2026 シーズン4 オープンリーグ,シティリーグ,2026-04-16,東京都,スタンダード,64,16
953034,シティリーグ2026 シーズン4 オープンリーグ,シティリーグ,2026-04-15,広島県,スタンダード,64,16
953035,シティリーグ2026 シーズン4 オープンリーグ,シティリーグ,2026-04-15,大阪府,スタンダード,64,16
953036,シティリーグ2026 シーズン4 オープンリーグ,シティリーグ,2026-04-16,愛知県,スタンダード,64,16
953037,シティリーグ2026 シーズン4 オープンリーグ,シティリーグ,2026-04-16,滋賀県,スタンダード,64,16
953281,シティリーグ2026 シーズン4 オープンリーグ,シティリーグ,2026-04-16,東京都,スタンダード,64,16
952811,シティリーグ2026 シーズン4 オープンリーグ,シティリーグ,2026-04-17,東京都,スタンダード,64,16
952812,シティリーグ2026 シーズン4 オープンリーグ,シティリーグ,2026-04-17,東京都,スタンダード,64,16
952691,シティリーグ2026 シーズン4 オープンリーグ,シティリーグ,2026-04-18,岩手県,スタンダード,64,16
952692,シティリーグ2026 シーズン4 オープンリーグ,シティリーグ,2026-04-18,福島県,スタンダード,64,16
952693,シティリーグ2026 シーズン4 オープンリーグ,シティリーグ,2026-04-19,岩手県,スタンダード,64,16
952738,シティリーグ2026 シーズン4 オープンリーグ,シティリーグ,2026-04-18,埼玉県,スタンダード,64,16
952739,シティリーグ2026 シーズン4 オープンリーグ,シティリーグ,2026-04-19,栃木県,スタンダード,64,16
952740,シティリーグ2026 シーズン4 オープンリーグ,シティリーグ,2026-04-19,茨城県,スタンダード,64,16
952741,シティリーグ2026 シーズン4 オープンリーグ,シティリーグ,2026-04-19,茨城県,スタンダード,64,16
952743,シティリーグ2026 シーズン4 オープンリーグ,シティリーグ,2026-04-19,群馬県,スタンダード,64,16
952813,シティリーグ2026 シーズン4 オープンリーグ,シティリーグ,2026-04-18,東京都,スタンダード,64,16
952814,シティリーグ2026 シーズン4 オープンリーグ,シティリーグ,2026-04-18,東京都,スタンダード,64,16
952815,シティリーグ2026 シーズン4 オープンリーグ,シティリーグ,2026-04-18,東京都,スタンダード,64,16
952816,シティリーグ2026 シーズン4 オープンリーグ,シティリーグ,2026-04-18,千葉県,スタンダード,64,16
952817,シティリーグ2026 シーズン4 オープンリーグ,シティリーグ,2026-04-19,千葉県,スタンダード,64,16
952818,シティリーグ2026 シーズン4 オープンリーグ,シティリーグ,2026-04-19,千葉県,スタンダード,64,16
952819,シティリーグ2026 シーズン4 オープンリーグ,シティリーグ,2026-04-19,東京都,スタンダード,64,16
952820,シティリーグ2026 シーズン4 オープンリーグ,シティリーグ,2026-04-19,千葉県,スタンダード,64,16
952821,シティリーグ2026 シーズン4 オープンリーグ,シティリーグ,2026-04-19,東京都,スタンダード,64,16
952822,シティリーグ2026 シーズン4 オープンリーグ,シティリーグ,2026-04-19,千葉県,スタンダード,64,16
952823,シティリーグ2026 シーズン4 オープンリーグ,シティリーグ,2026-04-19,東京都,スタンダード,64,16
952902,シティリーグ2026 シーズン4 オープンリーグ,シティリーグ,2026-04-18,石川県,スタンダード,64,16
952903,シティリーグ2026 シーズン4 オープンリーグ,シティリーグ,2026-04-18,新潟県,スタンダード,64,16
952904,シティリーグ2026 シーズン4 オープンリーグ,シティリーグ,2026-04-18,神奈川県,スタンダード,64,16
952905,シティリーグ2026 シーズン4 オープンリーグ,シティリーグ,2026-04-18,神奈川県,スタンダード,64,16
952906,シティリーグ2026 シーズン4 オープンリーグ,シティリーグ,2026-04-18,神奈川県,スタンダード,64,16
952907,シティリーグ2026 シーズン4 オープンリーグ,シティリーグ,2026-04-18,神奈川県,スタンダード,64,16
952908,シティリーグ2026 シーズン4 オープンリーグ,シティリーグ,2026-04-19,新潟県,スタンダード,64,16
952909,シティリーグ2026 シーズン4 オープンリーグ,シティリーグ,2026-04-19,神奈川県,スタンダード,64,16
952910,シティリーグ2026 シーズン4 オープンリーグ,シティリーグ,2026-04-19,神奈川県,スタンダード,64,16
952911,シティリーグ2026 シーズン4 オープンリーグ,シティリーグ,2026-04-19,神奈川県,スタンダード,64,8
952912,シティリーグ2026 シーズン4 オープンリーグ,シティリーグ,2026-04-19,山梨県,スタンダード,64,16
952913,シティリーグ2026 シーズン4 オープンリーグ,シティリーグ,2026-04-19,神奈川県,スタンダード,64,16
953038,シティリーグ2026 シーズン4 オープンリーグ,シティリーグ,2026-04-18,岐阜県,スタンダード,64,16
953039,シティリーグ2026 シーズン4 オープンリーグ,シティリーグ,2026-04-18,大阪府,スタンダード,64,16
953040,シティリーグ2026 シーズン4 オープンリーグ,シティリーグ,2026-04-18,岐阜県,スタンダード,64,16
953041,シティリーグ2026 シーズン4 オープンリーグ,シティリーグ,2026-04-18,静岡県,スタンダード,64,16
953042,シティリーグ2026 シーズン4 オープンリーグ,シティリーグ,2026-04-18,岐阜県,スタンダード,64,16
953043,シティリーグ2026 シーズン4 オープンリーグ,シティリーグ,2026-04-18,大阪府,スタンダード,64,16
953044,シティリーグ2026 シーズン4 オープンリーグ,シティリーグ,2026-04-18,大阪府,スタンダード,64,16
953045,シティリーグ2026 シーズン4 オープンリーグ,シティリーグ,2026-04-18,香川県,スタンダード,64,16
953046,シティリーグ2026 シーズン4 オープンリーグ,シティリーグ,2026-04-19,徳島県,スタンダード,64,16
953047,シティリーグ2026 シーズン4 オープンリーグ,シティリーグ,2026-04-19,兵庫県,スタンダード,64,16
953048,シティリーグ2026 シーズン4 オープンリーグ,シティリーグ,2026-04-19,奈良県,スタンダード,64,16
953049,シティリーグ2026 シーズン4 オープンリーグ,シティリーグ,2026-04-19,愛知県,スタンダード,64,16
953051,シティリーグ2026 シーズン4 オープンリーグ,シティリーグ,2026-04-19,大阪府,スタンダード,64,16
953052,シティリーグ2026 シーズン4 オープンリーグ,シティリーグ,2026-04-19,愛媛県,スタンダード,64,16
953054,シティリーグ2026 シーズン4 オープンリーグ,シティリーグ,2026-04-19,岡山県,スタンダード,64,16
953055,シティリーグ2026 シーズン4 オープンリーグ,シティリーグ,2026-04-19,山口県,スタンダード,64,16
953137,シティリーグ2026 シーズン4 オープンリーグ,シティリーグ,2026-04-18,熊本県,スタンダード,64,16
953138,シティリーグ2026 シーズン4 オープンリーグ,シティリーグ,2026-04-18,熊本県,スタンダード,64,16
953139,シティリーグ2026 シーズン4 オープンリーグ,シティリーグ,2026-04-18,佐賀県,スタンダード,64,16
953140,シティリーグ2026 シーズン4 オープンリーグ,シティリーグ,2026-04-19,福岡県,スタンダード,64,16
953244,シティリーグ2026 シーズン4 オープンリーグ,シティリーグ,2026-04-18,東京都,スタンダード,64,16
953245,シティリーグ2026 シーズン4 オープンリーグ,シティリーグ,2026-04-19,北海道,スタンダード,64,16
953246,シティリーグ2026 シーズン4 オープンリーグ,シティリーグ,2026-04-19,東京都,スタンダード,64,16
953247,シティリーグ2026 シーズン4 オープンリーグ,シティリーグ,2026-04-19,北海道,スタンダード,64,16
953285,シティリーグ2026 シーズン4 オープンリーグ,シティリーグ,2026-04-18,愛知県,スタンダード,64,16
953286,シティリーグ2026 シーズン4 オープンリーグ,シティリーグ,2026-04-18,神奈川県,スタンダード,64,16
953287,シティリーグ2026 シーズン4 オープンリーグ,シティリーグ,2026-04-18,宮崎県,スタンダード,64,16
953288,シティリーグ2026 シーズン4 オープンリーグ,シティリーグ,2026-04-19,広島県,スタンダード,64,16
953289,シティリーグ2026 シーズン4 オープンリーグ,シティリーグ,2026-04-19,静岡県,スタンダード,64,16
953057,シティリーグ2026 シーズン4 オープンリーグ,シティリーグ,2026-04-21,大阪府,スタンダード,64,16
953058,シティリーグ2026 シーズン4 オープンリーグ,シティリーグ,2026-04-23,大阪府,スタンダード,64,16
953290,シティリーグ2026 シーズン4 オープンリーグ,シティリーグ,2026-04-23,東京都,スタンダード,64,16
952825,シティリーグ2026 シーズン4 オープンリーグ,シティリーグ,2026-04-24,東京都,スタンダード,64,16
953142,シティリーグ2026 シーズン4 オープンリーグ,シティリーグ,2026-04-24,福岡県,スタンダード,64,16
952674,シティリーグ2026 シーズン4 オープンリーグ,シティリーグ,2026-04-25,北海道,スタンダード,64,16
952675,シティリーグ2026 シーズン4 オープンリーグ,シティリーグ,2026-04-25,北海道,スタンダード,64,16
952694,シティリーグ2026 シーズン4 オープンリーグ,シティリーグ,2026-04-25,福島県,スタンダード,64,16
952695,シティリーグ2026 シーズン4 オープンリーグ,シティリーグ,2026-04-25,山形県,スタンダード,64,16
952744,シティリーグ2026 シーズン4 オープンリーグ,シティリーグ,2026-04-25,埼玉県,スタンダード,64,16
952745,シティリーグ2026 シーズン4 オープンリーグ,シティリーグ,2026-04-25,埼玉県,スタンダード,64,16
952826,シティリーグ2026 シーズン4 オープンリーグ,シティリーグ,2026-04-25,東京都,スタンダード,64,16
952827,シティリーグ2026 シーズン4 オープンリーグ,シティリーグ,2026-04-25,東京都,スタンダード,64,16
952828,シティリーグ2026 シーズン4 オープンリーグ,シティリーグ,2026-04-25,東京都,スタンダード,64,16
952829,シティリーグ2026 シーズン4 オープンリーグ,シティリーグ,2026-04-25,東京都,スタンダード,64,16
952915,シティリーグ2026 シーズン4 オープンリーグ,シティリーグ,2026-04-25,山梨県,スタンダード,64,16
953059,シティリーグ2026 シーズン4 オープンリーグ,シティリーグ,2026-04-25,愛知県,スタンダード,64,16
953143,シティリーグ2026 シーズン4 オープンリーグ,シティリーグ,2026-04-25,福岡県,スタンダード,64,16
953291,シティリーグ2026 シーズン4 オープンリーグ,シティリーグ,2026-04-25,愛知県,スタンダード,64,16
952696,シティリーグ2026 シーズン4 オープンリーグ,シティリーグ,2026-04-26,福島県,スタンダード,64,16
952830,シティリーグ2026 シーズン4 オープンリーグ,シティリーグ,2026-04-26,東京都,スタンダード,64,16
952916,シティリーグ2026 シーズン4 オープンリーグ,シティリーグ,2026-04-26,長野県,スタンダード,64,16
952917,シティリーグ2026 シーズン4 オープンリーグ,シティリーグ,2026-04-26,神奈川県,スタンダード,64,16
952918,シティリーグ2026 シーズン4 オープンリーグ,シティリーグ,2026-04-26,神奈川県,スタンダード,64,16
952919,シティリーグ2026 シーズン4 オープンリーグ,シティリーグ,2026-04-26,山梨県,スタンダード,64,16
952920,シティリーグ2026 シーズン4 オープンリーグ,シティリーグ,2026-04-26,神奈川県,スタンダード,64,16
952921,シティリーグ2026 シーズン4 オープンリーグ,シティリーグ,2026-04-26,神奈川県,スタンダード,64,16
953060,シティリーグ2026 シーズン4 オープンリーグ,シティリーグ,2026-04-26,岐阜県,スタンダード,64,16
953061,シティリーグ2026 シーズン4 オープンリーグ,シティリーグ,2026-04-26,香川県,スタンダード,64,16
953062,シティリーグ2026 シーズン4 オープンリーグ,シティリーグ,2026-04-26,愛知県,スタンダード,64,16
953063,シティリーグ2026 シーズン4 オープンリーグ,シティリーグ,2026-04-26,三重県,スタンダード,64,16
953065,シティリーグ2026 シーズン4 オープンリーグ,シティリーグ,2026-04-26,岡山県,スタンダード,64,16
953066,シティリーグ2026 シーズン4 オープンリーグ,シティリーグ,2026-04-26,鳥取県,スタンダード,64,16
953067,シティリーグ2026 シーズン4 オープンリーグ,シティリーグ,2026-04-26,大阪府,スタンダード,64,16
953068,シティリーグ2026 シーズン4 オープンリーグ,シティリーグ,2026-04-26,大阪府,スタンダード,64,16
953144,シティリーグ2026 シーズン4 オープンリーグ,シティリーグ,2026-04-26,福岡県,スタンダード,64,16
953145,シティリーグ2026 シーズン4 オープンリーグ,シティリーグ,2026-04-26,長崎県,スタンダード,64,16
953249,シティリーグ2026 シーズン4 オープンリーグ,シティリーグ,2026-04-26,北海道,スタンダード,64,16
953292,シティリーグ2026 シーズン4 オープンリーグ,シティリーグ,2026-04-26,広島県,スタンダード,64,16
953293,シティリーグ2026 シーズン4 オープンリーグ,シティリーグ,2026-04-26,東京都,スタンダード,64,16
952831,シティリーグ2026 シーズン4 オープンリーグ,シティリーグ,2026-04-27,東京都,スタンダード,64,16
952922,シティリーグ2026 シーズン4 オープンリーグ,シティリーグ,2026-04-28,神奈川県,スタンダード,64,16
953069,シティリーグ2026 シーズン4 オープンリーグ,シティリーグ,2026-04-27,滋賀県,スタンダード,64,16
953070,シティリーグ2026 シーズン4 オープンリーグ,シティリーグ,2026-04-28,大阪府,スタンダード,64,16
953294,シティリーグ2026 シーズン4 オープンリーグ,シティリーグ,2026-04-27,東京都,スタンダード,64,16
952676,シティリーグ2026 シーズン4 オープンリーグ,シティリーグ,2026-04-29,北海道,スタンダード,64,16
952697,シティリーグ2026 シーズン4 オープンリーグ,シティリーグ,2026-04-29,秋田県,スタンダード,64,16
952698,シティリーグ2026 シーズン4 オープンリーグ,シティリーグ,2026-04-29,宮城県,スタンダード,64,16
952699,シティリーグ2026 シーズン4 オープンリーグ,シティリーグ,2026-04-29,宮城県,スタンダード,64,16
952746,シティリーグ2026 シーズン4 オープンリーグ,シティリーグ,2026-04-29,埼玉県,スタンダード,64,16
952747,シティリーグ2026 シーズン4 オープンリーグ,シティリーグ,2026-04-29,栃木県,スタンダード,64,16
952748,シティリーグ2026 シーズン4 オープンリーグ,シティリーグ,2026-04-29,茨城県,スタンダード,64,16
952749,シティリーグ2026 シーズン4 オープンリーグ,シティリーグ,2026-04-30,埼玉県,スタンダード,64,16
952832,シティリーグ2026 シーズン4 オープンリーグ,シティリーグ,2026-04-29,東京都,スタンダード,64,16
952833,シティリーグ2026 シーズン4 オープンリーグ,シティリーグ,2026-04-29,千葉県,スタンダード,64,16
952834,シティリーグ2026 シーズン4 オープンリーグ,シティリーグ,2026-04-29,東京都,スタンダード,64,16
952835,シティリーグ2026 シーズン4 オープンリーグ,シティリーグ,2026-04-29,東京都,スタンダード,64,16
952836,シティリーグ2026 シーズン4 オープンリーグ,シティリーグ,2026-04-29,東京都,スタンダード,64,16
952837,シティリーグ2026 シーズン4 オープンリーグ,シティリーグ,2026-04-30,東京都,スタンダード,64,16
952838,シティリーグ2026 シーズン4 オープンリーグ,シティリーグ,2026-04-30,東京都,スタンダード,64,16
952839,シティリーグ2026 シーズン4 オープンリーグ,シティリーグ,2026-05-01,東京都,スタンダード,64,16
952923,シティリーグ2026 シーズン4 オープンリーグ,シティリーグ,2026-04-29,福井県,スタンダード,64,16
953072,シティリーグ2026 シーズン4 オープンリーグ,シティリーグ,2026-04-29,岐阜県,スタンダード,64,16
953073,シティリーグ2026 シーズン4 オープンリーグ,シティリーグ,2026-04-29,山口県,スタンダード,64,16
953074,シティリーグ2026 シーズン4 オープンリーグ,シティリーグ,2026-04-29,愛知県,スタンダード,64,16
953075,シティリーグ2026 シーズン4 オープンリーグ,シティリーグ,2026-04-29,愛媛県,スタンダード,64,16
953076,シティリーグ2026 シーズン4 オープンリーグ,シティリーグ,2026-04-29,愛知県,スタンダード,64,16
953077,シティリーグ2026 シーズン4 オープンリーグ,シティリーグ,2026-04-29,大阪府,スタンダード,64,16
953078,シティリーグ2026 シーズン4 オープンリーグ,シティリーグ,2026-04-29,高知県,スタンダード,64,16
953079,シティリーグ2026 シーズン4 オープンリーグ,シティリーグ,2026-04-29,広島県,スタンダード,64,16
953081,シティリーグ2026 シーズン4 オープンリーグ,シティリーグ,2026-04-30,大阪府,スタンダード,64,16
953146,シティリーグ2026 シーズン4 オープンリーグ,シティリーグ,2026-04-29,沖縄県,スタンダード,64,16
953147,シティリーグ2026 シーズン4 オープンリーグ,シティリーグ,2026-04-29,大分県,スタンダード,64,16
953148,シティリーグ2026 シーズン4 オープンリーグ,シティリーグ,2026-04-29,熊本県,スタンダード,64,16
953149,シティリーグ2026 シーズン4 オープンリーグ,シティリーグ,2026-04-29,佐賀県,スタンダード,64,16
953150,シティリーグ2026 シーズン4 オープンリーグ,シティリーグ,2026-04-29,鹿児島県,スタンダード,64,16
953151,シティリーグ2026 シーズン4 オープンリーグ,シティリーグ,2026-04-29,福岡県,スタンダード,64,16
953250,シティリーグ2026 シーズン4 オープンリーグ,シティリーグ,2026-04-29,東京都,スタンダード,64,16
953251,シティリーグ2026 シーズン4 オープンリーグ,シティリーグ,2026-04-29,埼玉県,スタンダード,64,16
953252,シティリーグ2026 シーズン4 オープンリーグ,シティリーグ,2026-04-29,東京都,スタンダード,64,16
953410,シティリーグ2026 シーズン4 オープンリーグ,シティリーグ,2026-05-01,京都府,スタンダード,64,16
952700,シティリーグ2026 シーズン4 オープンリーグ,シティリーグ,2026-05-02,福島県,スタンダード,64,16
952701,シティリーグ2026 シーズン4 オープンリーグ,シティリーグ,2026-05-02,岩手県,スタンダード,64,16
952750,シティリーグ2026 シーズン4 オープンリーグ,シティリーグ,2026-05-02,茨城県,スタンダード,64,16
952751,シティリーグ2026 シーズン4 オープンリーグ,シティリーグ,2026-05-02,栃木県,スタンダード,64,16
952752,シティリーグ2026 シーズン4 オープンリーグ,シティリーグ,2026-05-02,埼玉県,スタンダード,64,16
952840,シティリーグ2026 シーズン4 オープンリーグ,シティリーグ,2026-05-02,東京都,スタンダード,64,16
952841,シティリーグ2026 シーズン4 オープンリーグ,シティリーグ,2026-05-02,東京都,スタンダード,64,16
952842,シティリーグ2026 シーズン4 オープンリーグ,シティリーグ,2026-05-02,千葉県,スタンダード,64,16
952924,シティリーグ2026 シーズン4 オープンリーグ,シティリーグ,2026-05-02,石川県,スタンダード,64,16
952925,シティリーグ2026 シーズン4 オープンリーグ,シティリーグ,2026-05-02,長野県,スタンダード,64,16
952926,シティリーグ2026 シーズン4 オープンリーグ,シティリーグ,2026-05-02,神奈川県,スタンダード,64,16
952927,シティリーグ2026 シーズン4 オープンリーグ,シティリーグ,2026-05-02,神奈川県,スタンダード,64,16
953082,シティリーグ2026 シーズン4 オープンリーグ,シティリーグ,2026-05-02,山口県,スタンダード,64,16
953083,シティリーグ2026 シーズン4 オープンリーグ,シティリーグ,2026-05-02,大阪府,スタンダード,64,16
953084,シティリーグ2026 シーズン4 オープンリーグ,シティリーグ,2026-05-02,奈良県,スタンダード,64,16
953085,シティリーグ2026 シーズン4 オープンリーグ,シティリーグ,2026-05-02,岐阜県,スタンダード,64,16
953086,シティリーグ2026 シーズン4 オープンリーグ,シティリーグ,2026-05-02,大阪府,スタンダード,64,16
953087,シティリーグ2026 シーズン4 オープンリーグ,シティリーグ,2026-05-02,島根県,スタンダード,64,16
953088,シティリーグ2026 シーズン4 オープンリーグ,シティリーグ,2026-05-02,静岡県,スタンダード,64,16
953089,シティリーグ2026 シーズン4 オープンリーグ,シティリーグ,2026-05-02,京都府,スタンダード,64,16
953090,シティリーグ2026 シーズン4 オープンリーグ,シティリーグ,2026-05-02,静岡県,スタンダード,64,16
953152,シティリーグ2026 シーズン4 オープンリーグ,シティリーグ,2026-05-02,長崎県,スタンダード,64,8
953295,シティリーグ2026 シーズン4 オープンリーグ,シティリーグ,2026-05-02,神奈川県,スタンダード,64,16
953296,シティリーグ2026 シーズン4 オープンリーグ,シティリーグ,2026-05-02,愛知県,スタンダード,64,16
952702,シティリーグ2026 シーズン4 オープンリーグ,シティリーグ,2026-05-03,宮城県,スタンダード,64,16
952703,シティリーグ2026 シーズン4 オープンリーグ,シティリーグ,2026-05-03,岩手県,スタンダード,64,16
952704,シティリーグ2026 シーズン4 オープンリーグ,シティリーグ,2026-05-04,山形県,スタンダード,64,16
952705,シティリーグ2026 シーズン4 オープンリーグ,シティリーグ,2026-05-05,山形県,スタンダード,64,16
952753,シティリーグ2026 シーズン4 オープンリーグ,シティリーグ,2026-05-03,埼玉県,スタンダード,64,16
952754,シティリーグ2026 シーズン4 オープンリーグ,シティリーグ,2026-05-03,茨城県,スタンダード,64,16
952755,シティリーグ2026 シーズン4 オープンリーグ,シティリーグ,2026-05-03,茨城県,スタンダード,64,16
952756,シティリーグ2026 シーズン4 オープンリーグ,シティリーグ,2026-05-04,茨城県,スタンダード,64,16
952757,シティリーグ2026 シーズン4 オープンリーグ,シティリーグ,2026-05-04,埼玉県,スタンダード,64,16
952843,シティリーグ2026 シーズン4 オープンリーグ,シティリーグ,2026-05-03,千葉県,スタンダード,64,16
952844,シティリーグ2026 シーズン4 オープンリーグ,シティリーグ,2026-05-03,東京都,スタンダード,64,16
952845,シティリーグ2026 シーズン4 オープンリーグ,シティリーグ,2026-05-03,千葉県,スタンダード,64,16
952846,シティリーグ2026 シーズン4 オープンリーグ,シティリーグ,2026-05-03,千葉県,スタンダード,64,16
952848,シティリーグ2026 シーズン4 オープンリーグ,シティリーグ,2026-05-04,東京都,スタンダード,64,16
952849,シティリーグ2026 シーズン4 オープンリーグ,シティリーグ,2026-05-04,東京都,スタンダード,64,16
952850,シティリーグ2026 シーズン4 オープンリーグ,シティリーグ,2026-05-04,千葉県,スタンダード,64,16
952851,シティリーグ2026 シーズン4 オープンリーグ,シティリーグ,2026-05-04,千葉県,スタンダード,64,16
952852,シティリーグ2026 シーズン4 オープンリーグ,シティリーグ,2026-05-05,千葉県,スタンダード,64,16
952853,シティリーグ2026 シーズン4 オープンリーグ,シティリーグ,2026-05-05,東京都,スタンダード,64,16
952928,シティリーグ2026 シーズン4 オープンリーグ,シティリーグ,2026-05-03,福井県,スタンダード,64,16
952929,シティリーグ2026 シーズン4 オープンリーグ,シティリーグ,2026-05-03,新潟県,スタンダード,64,16
952930,シティリーグ2026 シーズン4 オープンリーグ,シティリーグ,2026-05-03,神奈川県,スタンダード,64,16
952931,シティリーグ2026 シーズン4 オープンリーグ,シティリーグ,2026-05-03,神奈川県,スタンダード,64,16
952932,シティリーグ2026 シーズン4 オープンリーグ,シティリーグ,2026-05-03,神奈川県,スタンダード,64,16
952933,シティリーグ2026 シーズン4 オープンリーグ,シティリーグ,2026-05-03,神奈川県,スタンダード,64,16
952934,シティリーグ2026 シーズン4 オープンリーグ,シティリーグ,2026-05-03,神奈川県,スタンダード,64,16
952935,シティリーグ2026 シーズン4 オープンリーグ,シティリーグ,2026-05-04,福井県,スタンダード,64,16
952936,シティリーグ2026 シーズン4 オープンリーグ,シティリーグ,2026-05-04,神奈川県,スタンダード,64,16
952937,シティリーグ2026 シーズン4 オープンリーグ,シティリーグ,2026-05-04,神奈川県,スタンダード,64,16
953091,シティリーグ2026 シーズン4 オープンリーグ,シティリーグ,2026-05-03,愛知県,スタンダード,64,16
953092,シティリーグ2026 シーズン4 オープンリーグ,シティリーグ,2026-05-03,静岡県,スタンダード,64,16
953093,シティリーグ2026 シーズン4 オープンリーグ,シティリーグ,2026-05-03,大阪府,スタンダード,64,16
953094,シティリーグ2026 シーズン4 オープンリーグ,シティリーグ,2026-05-03,大阪府,スタンダード,64,16
953095,シティリーグ2026 シーズン4 オープンリーグ,シティリーグ,2026-05-03,兵庫県,スタンダード,64,16
953096,シティリーグ2026 シーズン4 オープンリーグ,シティリーグ,2026-05-03,愛媛県,スタンダード,64,16
953097,シティリーグ2026 シーズン4 オープンリーグ,シティリーグ,2026-05-03,愛知県,スタンダード,64,16
953098,シティリーグ2026 シーズン4 オープンリーグ,シティリーグ,2026-05-04,岐阜県,スタンダード,64,16
953099,シティリーグ2026 シーズン4 オープンリーグ,シティリーグ,2026-05-04,大阪府,スタンダード,64,4
953100,シティリーグ2026 シーズン4 オープンリーグ,シティリーグ,2026-05-04,愛知県,スタンダード,64,16
953101,シティリーグ2026 シーズン4 オープンリーグ,シティリーグ,2026-05-04,京都府,スタンダード,64,16
953102,シティリーグ2026 シーズン4 オープンリーグ,シティリーグ,2026-05-04,大阪府,スタンダード,64,16
953103,シティリーグ2026 シーズン4 オープンリーグ,シティリーグ,2026-05-04,鳥取県,スタンダード,64,16
953104,シティリーグ2026 シーズン4 オープンリーグ,シティリーグ,2026-05-04,山口県,スタンダード,64,16
953105,シティリーグ2026 シーズン4 オープンリーグ,シティリーグ,2026-05-05,岐阜県,スタンダード,64,16
953106,シティリーグ2026 シーズン4 オープンリーグ,シティリーグ,2026-05-05,愛知県,スタンダード,64,16
953107,シティリーグ2026 シーズン4 オープンリーグ,シティリーグ,2026-05-05,大阪府,スタンダード,64,16
953153,シティリーグ2026 シーズン4 オープンリーグ,シティリーグ,2026-05-03,福岡県,スタンダード,64,16
953154,シティリーグ2026 シーズン4 オープンリーグ,シティリーグ,2026-05-03,宮崎県,スタンダード,64,16
953155,シティリーグ2026 シーズン4 オープンリーグ,シティリーグ,2026-05-03,熊本県,スタンダード,64,16
953156,シティリーグ2026 シーズン4 オープンリーグ,シティリーグ,2026-05-03,福岡県,スタンダード,64,16
953157,シティリーグ2026 シーズン4 オープンリーグ,シティリーグ,2026-05-03,福岡県,スタンダード,64,16
953158,シティリーグ2026 シーズン4 オープンリーグ,シティリーグ,2026-05-04,長崎県,スタンダード,64,16
953159,シティリーグ2026 シーズン4 オープンリーグ,シティリーグ,2026-05-05,熊本県,スタンダード,64,16
953160,シティリーグ2026 シーズン4 オープンリーグ,シティリーグ,2026-05-05,沖縄県,スタンダード,64,16
953253,シティリーグ2026 シーズン4 オープンリーグ,シティリーグ,2026-05-03,東京都,スタンダード,64,16
953254,シティリーグ2026 シーズン4 オープンリーグ,シティリーグ,2026-05-03,北海道,スタンダード,64,16
953255,シティリーグ2026 シーズン4 オープンリーグ,シティリーグ,2026-05-05,東京都,スタンダード,64,16
953256,シティリーグ2026 シーズン4 オープンリーグ,シティリーグ,2026-05-05,埼玉県,スタンダード,64,16
953298,シティリーグ2026 シーズン4 オープンリーグ,シティリーグ,2026-05-05,愛知県,スタンダード,64,16
952854,シティリーグ2026 シーズン4 オープンリーグ,シティリーグ,2026-05-06,東京都,スタンダード,64,16
952855,シティリーグ2026 シーズン4 オープンリーグ,シティリーグ,2026-05-06,東京都,スタンダード,64,16
952856,シティリーグ2026 シーズン4 オープンリーグ,シティリーグ,2026-05-06,東京都,スタンダード,64,16
952938,シティリーグ2026 シーズン4 オープンリーグ,シティリーグ,2026-05-06,福井県,スタンダード,64,16
952939,シティリーグ2026 シーズン4 オープンリーグ,シティリーグ,2026-05-06,新潟県,スタンダード,64,16
952940,シティリーグ2026 シーズン4 オープンリーグ,シティリーグ,2026-05-06,神奈川県,スタンダード,64,16
953108,シティリーグ2026 シーズン4 オープンリーグ,シティリーグ,2026-05-06,岐阜県,スタンダード,64,16
953109,シティリーグ2026 シーズン4 オープンリーグ,シティリーグ,2026-05-06,香川県,スタンダード,64,16
953110,シティリーグ2026 シーズン4 オープンリーグ,シティリーグ,2026-05-06,大阪府,スタンダード,64,16
953111,シティリーグ2026 シーズン4 オープンリーグ,シティリーグ,2026-05-06,滋賀県,スタンダード,64,16
953161,シティリーグ2026 シーズン4 オープンリーグ,シティリーグ,2026-05-06,大分県,スタンダード,64,16
953257,シティリーグ2026 シーズン4 オープンリーグ,シティリーグ,2026-05-06,東京都,スタンダード,64,16
953258,シティリーグ2026 シーズン4 オープンリーグ,シティリーグ,2026-05-06,北海道,スタンダード,64,16
952673,シティリーグ2026 シーズン4 オープンリーグ,シティリーグ,2026-04-18,北海道,スタンダード,64,16
952677,シティリーグ2026 シーズン4 オープンリーグ,シティリーグ,2026-05-02,北海道,スタンダード,64,17
952742,シティリーグ2026 シーズン4 オープンリーグ,シティリーグ,2026-04-19,埼玉県,スタンダード,64,16
952758,シティリーグ2026 シーズン4 オープンリーグ,シティリーグ,2026-05-06,埼玉県,スタンダード,64,16
952759,シティリーグ2026 シーズン4 オープンリーグ,シティリーグ,2026-05-06,茨城県,スタンダード,64,16
952810,シティリーグ2026 シーズン4 オープンリーグ,シティリーグ,2026-04-17,東京都,スタンダード,64,16
952824,シティリーグ2026 シーズン4 オープンリーグ,シティリーグ,2026-04-21,千葉県,スタンダード,64,16
952847,シティリーグ2026 シーズン4 オープンリーグ,シティリーグ,2026-05-04,東京都,スタンダード,64,16
952857,シティリーグ2026 シーズン4 オープンリーグ,シティリーグ,2026-05-06,千葉県,スタンダード,64,16
952914,シティリーグ2026 シーズン4 オープンリーグ,シティリーグ,2026-04-19,神奈川県,スタンダード,64,16
953029,シティリーグ2026 シーズン4 オープンリーグ,シティリーグ,2026-04-12,大阪府,スタンダード,64,17
953050,シティリーグ2026 シーズン4 オープンリーグ,シティリーグ,2026-04-19,島根県,スタンダード,64,16
953053,シティリーグ2026 シーズン4 オープンリーグ,シティリーグ,2026-04-19,京都府,スタンダード,64,16
953056,シティリーグ2026 シーズン4 オープンリーグ,シティリーグ,2026-04-19,愛知県,スタンダード,64,16
953064,シティリーグ2026 シーズン4 オープンリーグ,シティリーグ,2026-04-26,京都府,スタンダード,64,16
953071,シティリーグ2026 シーズン4 オープンリーグ,シティリーグ,2026-04-28,大阪府,スタンダード,64,16
953080,シティリーグ2026 シーズン4 オープンリーグ,シティリーグ,2026-04-30,静岡県,スタンダード,64,16
953112,シティリーグ2026 シーズン4 オープンリーグ,シティリーグ,2026-05-06,愛知県,スタンダード,64,16
953113,シティリーグ2026 シーズン4 オープンリーグ,シティリーグ,2026-05-06,岡山県,スタンダード,64,16
953114,シティリーグ2026 シーズン4 オープンリーグ,シティリーグ,2026-05-06,京都府,スタンダード,64,16
953115,シティリーグ2026 シーズン4 オープンリーグ,シティリーグ,2026-05-06,大阪府,スタンダード,64,16
953141,シティリーグ2026 シーズン4 オープンリーグ,シティリーグ,2026-04-19,鹿児島県,スタンダード,64,16
953248,シティリーグ2026 シーズン4 オープンリーグ,シティリーグ,2026-04-19,東京都,スタンダード,64,16
953299,シティリーグ2026 シーズン4 オープンリーグ,シティリーグ,2026-05-06,広島県,スタンダード,64,16
981404,チャンピオンズリーグ2026 愛知 May オープンリーグ【エクストラレギュレーション】,大型大会,2026-05-10,愛知県,エクストラ,950,16
